{
  "hosting": {
    "public": "www",
    "ignore": [
      "firebase.json",
      "**/.*",
      "**/node_modules/**"
    ],
    "rewrites": [ {
      "source": "**",
      "destination": "/index.html"
    } ],
    "headers": [
      {
        "source": "**",
        "headers": [
          {
            "key": "Cache-Control",
            "value": "no-cache, no-store, must-revalidate"
          }
        ]
      },
      {
        "source": "**/*.@(jpg|jpeg|gif|png|svg|webp|js|css|eot|otf|ttf|ttc|woff|font.css)",
        "headers": [
          {
            "key": "Cache-Control",
            "value": "no-cache"
          }
        ]
      },
      {
        "source": "ngsw-worker.js",
        "headers": [
          {
            "key": "Cache-Control",
            "value": "no-cache"
          }
        ]
      }
    ]
  }
}
