[
  {
    "id": "1",
    "name": "Lisa Graham",
    "country": "Thailand",
    "city": "Lampang",
    "birthday": "Oct 3",
    "age": 26,
    "salary": "$36.000"
  },
  {
    "id": "2",
    "name": "Mike Howell",
    "country": "United Kingdom",
    "city": "Nottingham",
    "birthday": "Jan 1",
    "age": 30,
    "salary": "$30.000"
  },
  {
    "id": "3",
    "name": "Peter DuBuque",
    "country": "Brazil",
    "city": "São Paulo",
    "birthday": "Aug 10",
    "age": 35,
    "salary": "$26.000"
  },
  {
    "id": "4",
    "name": "Jenny Collins",
    "country": "India",
    "city": "Delhi",
    "birthday": "Feb 28",
    "age": 29,
    "salary": "$45.000"
  },
  {
    "id": "5",
    "name": "John Carlson",
    "country": "France",
    "city": "Bonsecours",
    "birthday": "Mar 14",
    "age": 38,
    "salary": "$29.500"
  },
  {
    "id": "6",
    "name": "Mike Reed",
    "country": "Vietnam",
    "city": "Hanoi",
    "birthday": "Dec 27",
    "age": 33,
    "salary": "$40.000"
  },
  {
    "id": "7",
    "name": "Lucy Cameron",
    "country": "United States",
    "city": "Las Vegas",
    "birthday": "Jan 7",
    "age": 28,
    "salary": "$30.000"
  },
  {
    "id": "8",
    "name": "Martha Owen",
    "country": "Uruguay",
    "city": "Montevideo",
    "birthday": "Oct 30",
    "age": 27,
    "salary": "$32.500"
  }
]
