[
  {
    "picture": "/assets/imgs/users/user-1.jpeg",
    "name": "Carol Graham",
    "country": "Thailand",
    "interests": "Food, Computers",
    "subscribed": "2017-07-17",
    "age": 26,
    "status": "Completed"
  },
  {
    "picture": "/assets/imgs/users/user-2.jpeg",
    "name": "Mike Howell",
    "country": "United Kingdom",
    "interests": "Home Deco, Wildlife",
    "subscribed": "2018-01-01",
    "age": 30,
    "status": "In Progress"
  },
  {
    "picture": "/assets/imgs/users/user-8.jpeg",
    "name": "Peter DuBuque",
    "country": "Brazil",
    "interests": "Plants, Coffee",
    "subscribed": "2018-10-20",
    "age": 35,
    "status": "Canceled"
  },
  {
    "picture": "/assets/imgs/users/user-4.jpeg",
    "name": "Ana Collins",
    "country": "India",
    "interests": "Vegan, Animals",
    "subscribed": "2018-02-25",
    "age": 29,
    "status": "Completed"
  },
  {
    "picture": "/assets/imgs/users/user-7.jpeg",
    "name": "John Carlson",
    "country": "France",
    "interests": "Computers, Wildlife",
    "subscribed": "2017-12-31",
    "age": 38,
    "status": "Completed"
  },
  {
    "picture": "/assets/imgs/users/user-6.jpeg",
    "name": "Mike Reed",
    "country": "Vietnam",
    "interests": "Vegan, Yoga",
    "subscribed": "2018-01-09",
    "age": 33,
    "status": "Canceled"
  },
  {
    "picture": "/assets/imgs/users/user-5.jpeg",
    "name": "Lucy Cameron",
    "country": "United States",
    "interests": "Coffee, Plants",
    "subscribed": "2018-07-22",
    "age": 28,
    "status": "In Progress"
  },
  {
    "picture": "/assets/imgs/users/user-3.jpeg",
    "name": "Martha Owen",
    "country": "Uruguay",
    "interests": "Yoga, Crossfit",
    "subscribed": "2018-10-03",
    "age": 27,
    "status": "In Progress"
  }
]
